t,quantity,by_hand,closed_form_exact,torch_float64,torch_float32,abs_err_vs_exact,abs_err_vs_torch64,abs_err_vs_torch32
1,m,0.04999999999999999,0.05,0.04999999999999999,0.05000000074505806,1.3877787807814457e-17,0.0,7.450580707946131e-10
1,v,0.0002500000000000002,0.00025,0.0002500000000000002,0.0002500000118743628,2.168404344971009e-19,0.0,1.1874362604302746e-11
1,bc1,0.09999999999999998,0.1,0.09999999999999998,0.09999999999999998,2.7755575615628914e-17,0.0,0.0
1,bc2,0.0010000000000000009,0.001,0.0010000000000000009,0.0010000000000000009,8.673617379884035e-19,0.0,0.0
1,m_hat,0.5,0.5,0.5,0.5000000074505807,0.0,0.0,7.45058070794613e-09
1,v_hat,0.25,0.25,0.25,0.2500000118743626,0.0,0.0,1.1874362604302746e-08
1,denom,0.50000001,0.50000001,0.50000001,0.5000000218743625,0.0,0.0,1.1874362493280444e-08
1,update,-0.0009999999800000003,-0.0009999999800000003,-0.0009999999799999992,-0.0009999871253967285,0.0,1.0842021724855044e-18,1.2854603271801948e-08
1,w,0.99900000002,0.99900000002,0.99900000002,0.9990000128746033,0.0,0.0,1.2854603270717746e-08
2,m,0.08499999999999999,0.085,0.08499999999999999,0.08500000089406967,1.3877787807814457e-17,0.0,8.940696794024205e-10
2,v,0.0004097500000000004,0.00040975,0.0004097500000000004,0.00040975003503262997,3.7947076036992655e-19,0.0,3.5032629575049157e-11
2,bc1,0.18999999999999995,0.19,0.18999999999999995,0.18999999999999995,5.551115123125783e-17,0.0,0.0
2,bc2,0.001998999999999973,0.001999,0.001998999999999973,0.001998999999999973,2.688821387764051e-17,0.0,0.0
2,m_hat,0.44736842105263164,0.4473684210526316,0.44736842105263164,0.4473684257582616,5.551115123125783e-17,0.0,4.705629941259559e-09
2,v_hat,0.20497748874437516,0.2049774887443722,0.20497748874437516,0.20497750626945246,2.9698465908722937e-15,0.0,1.752507730601316e-08
2,denom,0.45274440670124594,0.45274440670124266,0.45274440670124594,0.4527444260555185,3.2751579226442118e-15,0.0,1.935427257349076e-08
2,update,-0.0009881257822978214,-0.0009881257822978284,-0.0009881257822977885,-0.0009881258010864258,6.938893903907228e-18,3.2959746043559335e-17,1.8788604352892868e-11
2,w,0.9980118742377022,0.9980118742377022,0.9980118742377022,0.9980118870735168,0.0,0.0,1.2835814633405107e-08
3,m,0.13649999999999998,0.1365,0.13649999999999998,0.13650000095367432,2.7755575615628914e-17,0.0,9.536743339477738e-10
3,v,0.0007693402500000006,0.00076934025,0.0007693402500000006,0.0007693403167650104,6.505213034913027e-19,0.0,6.67650097534167e-11
3,bc1,0.2709999999999999,0.271,0.2709999999999999,0.2709999999999999,1.1102230246251565e-16,0.0,0.0
3,bc2,0.002997000999999999,0.002997001,0.002997000999999999,0.002997000999999999,8.673617379884035e-19,0.0,0.0
3,m_hat,0.5036900369003691,0.503690036900369,0.5036900369003691,0.5036900404194626,1.1102230246251565e-16,0.0,3.5190935721018946e-09
3,v_hat,0.256703367800011,0.25670336780001074,0.256703367800011,0.2567033900772841,2.7755575615628914e-16,0.0,2.227727308179439e-08
3,denom,0.5066590351836151,0.5066590351836148,0.5066590351836151,0.5066590571680972,3.3306690738754696e-16,0.0,2.198448212364923e-08
3,update,-0.0009941400467038547,-0.0009941400467038553,-0.0009941400467038397,-0.0009941458702087402,6.505213034913027e-19,1.496198998029996e-17,5.8235048855641985e-09
3,w,0.9970177341909984,0.9970177341909983,0.9970177341909984,0.9970177412033081,1.1102230246251565e-16,0.0,7.0123097328789186e-09
4,m,0.16784999999999997,0.16785,0.16784999999999997,0.16785000264644623,2.7755575615628914e-17,0.0,2.64644625658228e-09
4,v,0.0009710709097500008,0.00097107090975,0.0009710709097500008,0.0009710709564387798,7.589415207398531e-19,0.0,4.668877903648422e-11
4,bc1,0.3439,0.3439,0.3439,0.3439,0.0,0.0,0.0
4,bc2,0.003994003998999962,0.003994003999,0.003994003998999962,0.003994003998999962,3.8163916471489756e-17,0.0,0.0
4,m_hat,0.48807792963070656,0.4880779296307066,0.48807792963070656,0.4880779373261013,5.551115123125783e-17,0.0,7.695394710349746e-09
4,v_hat,0.243132182640063,0.2431321826400605,0.243132182640063,0.24313219432978064,2.4980018054066022e-15,0.0,1.1689717638319053e-08
4,denom,0.4930843665152549,0.49308436651525234,0.4930843665152549,0.4930843783689239,2.55351295663786e-15,0.0,1.1853668990813304e-08
4,update,-0.0009898466931330028,-0.000989846693133008,-0.0009898466931329564,-0.0009898543357849121,5.204170427930421e-18,4.640385298237959e-17,7.642651909337689e-09
4,w,0.9960278874978654,0.9960278874978653,0.9960278874978654,0.9960278868675232,1.1102230246251565e-16,0.0,6.303422228626232e-10
5,m,0.20606499999999997,0.206065,0.20606499999999997,0.20606499910354614,2.7755575615628914e-17,0.0,8.964538278366518e-10
5,v,0.0012725998388402513,0.00127259983884025,0.0012725998388402513,0.0012725999113172293,1.3010426069826053e-18,0.0,7.247697797821417e-11
5,bc1,0.40950999999999993,0.40951,0.40950999999999993,0.40950999999999993,5.551115123125783e-17,0.0,0.0
5,bc2,0.004990009995000988,0.004990009995001,0.004990009995000988,0.004990009995000988,1.214306433183765e-17,0.0,0.0
5,m_hat,0.5031989450807062,0.5031989450807062,0.5031989450807062,0.5031989428916173,0.0,0.0,2.1890889101428e-09
5,v_hat,0.25502951699799137,0.2550295169979905,0.25502951699799137,0.25502953152240676,8.881784197001252e-16,0.0,1.4524415392624945e-08
5,denom,0.505004482255436,0.505004482255435,0.505004482255436,0.5050044966359177,9.992007221626409e-16,0.0,1.4380481694331593e-08
5,update,-0.000996424710595308,-0.00099642471059531,-0.000996424710595356,-0.000996410846710205,1.951563910473908e-18,4.8138576458356397e-17,1.3863885102872314e-08
5,w,0.9950314627872701,0.99503146278727,0.9950314627872701,0.995031476020813,1.1102230246251565e-16,0.0,1.3233542928148267e-08
