sequence,beta2,t,g,m,v,update_BC,update_noBC,update_BC_over_lr,update_noBC_over_lr,w_BC,w_noBC,rel_step_diff
course_pattern,0.999,1,0.5,0.04999999999999999,0.0002500000000000002,-0.0009999999800000003,-0.003162275660169642,-0.9999999800000003,-3.162275660169642,0.99900000002,0.9968377243398303,2.1622757234151555
course_pattern,0.999,2,0.4,0.08499999999999999,0.0004097500000000004,-0.0009881257822978214,-0.004199129129469622,-0.9881257822978214,-4.199129129469622,0.9980118742377022,0.9926385952103607,3.2495896825046136
course_pattern,0.999,3,0.6,0.13649999999999998,0.0007693402500000006,-0.0009941400467038547,-0.004921225522383916,-0.9941400467038547,-4.921225522383916,0.9970177341909984,0.9877173696879767,3.9502336604390957
course_pattern,0.999,4,0.45,0.16784999999999997,0.0009710709097500008,-0.0009898466931330028,-0.005386364437416905,-0.9898466931330028,-5.386364437416905,0.9960278874978654,0.9823310052505598,4.441614822562382
course_pattern,0.999,5,0.55,0.20606499999999997,0.0012725998388402513,-0.000996424710595308,-0.0057764122421068076,-0.9964247105953079,-5.776412242106807,0.9950314627872701,0.976554593008453,4.797138690645
course_pattern,0.999,6,0.5,0.23545849999999996,0.0015213272390014112,-0.0009967163032581707,-0.006036746528163798,-0.9967163032581706,-6.036746528163798,0.9940347464840119,0.9705178464802893,5.056634679728072
course_pattern,0.999,7,0.4,0.25191264999999996,0.0016798059117624099,-0.000984225662853648,-0.006146392890909813,-0.9842256628536481,-6.146392890909812,0.9930505208211583,0.9643714535893795,5.244902081793986
course_pattern,0.999,8,0.6,0.28672138499999994,0.002038126105850648,-0.0009956598323087246,-0.00635103438048446,-0.9956598323087246,-6.35103438048446,0.9920548609888495,0.958020419208895,5.378719090994918
course_pattern,0.999,9,0.45,0.3030492464999999,0.0022385879797447977,-0.0009899576248015255,-0.006405101746489223,-0.9899576248015255,-6.405101746489223,0.9910649033640481,0.9516153174624058,5.470076684113997
course_pattern,0.999,10,0.55,0.3277443218499999,0.0025388493917650533,-0.0009964247105953077,-0.006504540479757379,-0.9964247105953077,-6.504540479757379,0.9900684786534527,0.9451107769826484,5.5278795383057915
course_pattern,0.999,11,0.5,0.3449698896649999,0.0027863105423732884,-0.0009963996461639466,-0.006535312338931604,-0.9963996461639466,-6.535312338931604,0.9890720790072888,0.9385754646437169,5.558926796182634
course_pattern,0.999,12,0.4,0.3504729006984999,0.002943524231830915,-0.000983451808508438,-0.006459822060929964,-0.9834518085084379,-6.459822060929963,0.9880886271987803,0.9321156425827869,5.568519174037941
course_pattern,0.999,13,0.6,0.37542561062864993,0.0033005807075990844,-0.000996020275303871,-0.006534744950068094,-0.996020275303871,-6.534744950068093,0.9870926069234764,0.9255808976327188,5.560855348124756
course_pattern,0.999,14,0.45,0.38288304956578495,0.0034997801268914852,-0.0009897244256064875,-0.0064721069690401355,-0.9897244256064875,-6.472106969040135,0.9861028824978699,0.9191087906636787,5.539302053775353
course_pattern,0.999,15,0.55,0.39959474460920646,0.003798780346764594,-0.0009964247105953108,-0.006483322214469662,-0.9964247105953108,-6.483322214469662,0.9851064577872746,0.912625468449209,5.506585139379193
course_pattern,0.999,16,0.5,0.4096352701482858,0.004044981566417829,-0.0009962659845504408,-0.006440787951628783,-0.9962659845504408,-6.440787951628782,0.9841101918027241,0.9061846804975802,5.464928093008365
course_pattern,0.999,17,0.4,0.4086717431334572,0.004200936584851412,-0.0009827127926697124,-0.006305237943643342,-0.9827127926697123,-6.305237943643342,0.9831274790100544,0.8998794425539368,5.416155351467496
course_pattern,0.999,18,0.6,0.42780456882011153,0.00455673564826656,-0.000996185979019168,-0.006337506778371529,-0.9961859790191679,-6.337506778371529,0.9821312930310352,0.8935419357755653,5.36177070531685
course_pattern,0.999,19,0.45,0.43002411193810036,0.004754678912618294,-0.0009894266804255025,-0.006236373933947652,-0.9894266804255024,-6.236373933947652,0.9811418663506097,0.8873055618416177,5.303017754954518
course_pattern,0.999,20,0.55,0.4420217007442903,0.005052424233705677,-0.0009964247105953084,-0.0062186143598911125,-0.9964247105953083,-6.218614359891112,0.9801454416400144,0.8810869474817266,5.240927481792213
course_pattern,0.99,1,0.5,0.04999999999999999,0.0025000000000000022,-0.0009999999800000003,-0.0009999998000000392,-0.9999999800000003,-0.9999998000000392,0.99900000002,0.9990000002,1.7999996471683826e-07
course_pattern,0.99,2,0.4,0.08499999999999999,0.004075000000000004,-0.0009886169376899204,-0.0013315425563906024,-0.9886169376899203,-1.3315425563906025,0.9980113830823101,0.9976684576436095,0.34687410828909004
course_pattern,0.99,3,0.6,0.13649999999999998,0.007634250000000007,-0.0009934950301675558,-0.0015622459691618314,-0.9934950301675558,-1.5622459691618313,0.9970178880521425,0.9961062116744476,0.5724748707583913
course_pattern,0.99,4,0.45,0.16784999999999997,0.00958290750000001,-0.0009897160495930802,-0.0017146388243274694,-0.9897160495930801,-1.7146388243274695,0.9960281720025495,0.9943915728501201,0.7324553088054295
course_pattern,0.99,5,0.55,0.20606499999999997,0.012512078425000014,-0.000995903169687021,-0.0018422114007739744,-0.995903169687021,-1.8422114007739743,0.9950322688328624,0.9925493614493461,0.8497896751879199
course_pattern,0.99,6,0.5,0.23545849999999996,0.014886957640750017,-0.000996319678585017,-0.00192979581873363,-0.996319678585017,-1.92979581873363,0.9940359491542774,0.9906195656306125,0.936924322798025
course_pattern,0.99,7,0.4,0.25191264999999996,0.016338088064342518,-0.000984626707929213,-0.0019708307338705314,-0.984626707929213,-1.9708307338705313,0.9930513224463482,0.988648734896742,1.0016019451832894
course_pattern,0.99,8,0.6,0.28672138499999994,0.019774707183699097,-0.0009950627548251496,-0.002038942715105669,-0.9950627548251495,-2.038942715105669,0.992056259691523,0.9866097921816364,1.0490594238590991
course_pattern,0.99,9,0.45,0.3030492464999999,0.021601960111862106,-0.0009898489002328587,-0.0020618952543708037,-0.9898489002328588,-2.061895254370804,0.9910664107912901,0.9845478969272655,1.0830404053444416
course_pattern,0.99,10,0.55,0.3277443218499999,0.024410940510743488,-0.0009959031696870203,-0.0020976976531811454,-0.9959031696870203,-2.0976976531811453,0.9900705076216031,0.9824501992740844,1.1063269171443475
course_pattern,0.99,11,0.5,0.3449698896649999,0.026666831105636054,-0.0009959681624744476,-0.0021124938730994816,-0.9959681624744475,-2.112493873099482,0.9890745394591286,0.9803377054009849,1.1210455842795872
course_pattern,0.99,12,0.4,0.3504729006984999,0.028000162794579692,-0.0009838472671899647,-0.0020944699746759236,-0.9838472671899647,-2.0944699746759237,0.9880906921919387,0.978243235426309,1.128856830245701
course_pattern,0.99,13,0.6,0.37542561062864993,0.0313201611666339,-0.000995434013373747,-0.0021213477962165796,-0.995434013373747,-2.1213477962165794,0.9870952581785649,0.9761218876300924,1.1310782711019292
course_pattern,0.99,14,0.45,0.38288304956578495,0.033031959554967565,-0.0009896245548737053,-0.002106681819662013,-0.9896245548737053,-2.106681819662013,0.9861056336236912,0.9740152058104304,1.1287687429409685
course_pattern,0.99,15,0.55,0.39959474460920646,0.0357266399594179,-0.0009959031696870203,-0.0021140909066753913,-0.9959031696870203,-2.1140909066753912,0.9851097304540042,0.9719011149037551,1.1227876072929668
course_pattern,0.99,16,0.5,0.4096352701482858,0.03786937355982372,-0.0009958217368792191,-0.002105005622055456,-0.9958217368792192,-2.105005622055456,0.984113908717125,0.9697961092816996,1.1138377925473693
course_pattern,0.99,17,0.4,0.4086717431334572,0.03909067982422549,-0.0009831106940190724,-0.002066988101451999,-0.9831106940190724,-2.0669881014519986,0.983130798023106,0.9677291211802476,1.1024978306378783
course_pattern,0.99,18,0.6,0.42780456882011153,0.04229977302598324,-0.0009956042986647084,-0.002080062472611169,-0.9956042986647083,-2.080062472611169,0.9821351937244412,0.9656490587076364,1.089246174811541
course_pattern,0.99,19,0.45,0.43002411193810036,0.04390177529572341,-0.0009893330080945136,-0.002052351511978714,-0.9893330080945135,-2.0523515119787143,0.9811458607163467,0.9635967071956577,1.074479973059433
course_pattern,0.99,20,0.55,0.4420217007442903,0.046487757542766184,-0.0009959031696870203,-0.0020500963500461535,-0.9959031696870203,-2.0500963500461533,0.9801499575466597,0.9615466108456115,1.0585297973199859
zero_mean_noise,0.999,1,0.4708577023403322,0.04708577023403321,0.0002217069758532171,-0.0009999999787621617,-0.0031622755363859196,-0.9999999787621617,-3.1622755363859194,0.9990000000212378,0.9968377244636141,2.1622756035458175
zero_mean_noise,0.999,2,-0.6982890523505749,-0.02745171202442758,0.0007090928695100282,0.00024258875413239077,0.0010309027833351105,0.24258875413239075,1.0309027833351105,0.9992425887753702,0.9978686272469491,3.249590163493333
zero_mean_noise,0.999,3,-0.33985722403921054,-0.05869226322590587,0.0008238867093721564,0.00041306771559929714,0.0020447817332630925,0.4130677155992971,2.0447817332630924,0.9996556564909695,0.9999134089802122,3.95023371724036
zero_mean_noise,0.999,4,0.1852517837303299,-0.034297858530282305,0.0008573810460380533,0.00021525444478012705,0.001171331754718097,0.21525444478012704,1.1713317547180968,0.9998709109357496,1.0010847407349304,4.44161471747801
zero_mean_noise,0.999,5,-0.5081744470940355,-0.08168551738665761,0.001114764933671344,0.0004220263830423007,0.0024465454299794297,0.4220263830423007,2.44654542997943,1.0002929373187919,1.0035312861649097,4.797138587267438
zero_mean_noise,0.999,6,-0.036060011392535674,-0.07712296678724541,0.0011149504931593026,0.0003813506088041313,0.0023097012305710153,0.3813506088041313,2.309701230571015,1.000674287927596,1.0058409873954808,5.056634438880154
zero_mean_noise,0.999,7,0.08959824363742844,-0.06045084574477803,0.0011218633879290555,0.0002890058625939793,0.00180481322270334,0.2890058625939793,1.80481322270334,1.00096329379019,1.007645800618184,5.2449017694803635
zero_mean_noise,0.999,8,-0.4155496076354941,-0.09596072193384962,0.0012934230009471396,0.00041830171141552793,0.002668228974988752,0.4183017114155279,2.668228974988752,1.0013815955016054,1.010314029593173,5.378718762492024
zero_mean_noise,0.999,9,-0.6545186822296793,-0.1518165179634326,0.001720524283333869,0.0005656907820873378,0.003660062641091929,0.5656907820873378,3.660062641091929,1.0019472862836927,1.0139740922342648,5.470076509973689
zero_mean_noise,0.999,10,0.09694387062455205,-0.12694047910463413,0.0017282018731022049,0.0004677681823839296,0.0030535342307694536,0.4677681823839296,3.0535342307694533,1.0024150544660766,1.0170276264650342,5.527879290992921
zero_mean_noise,0.999,11,0.4966248517675986,-0.06458394601741087,0.001973109914622292,0.00022167466935427352,0.0014539478824138923,0.22167466935427352,1.4539478824138923,1.0026367291354308,1.018481574347448,5.558926586646841
zero_mean_noise,0.999,12,-0.3234908152737524,-0.09047463294304502,0.002075783112274147,0.0003023209815518421,0.0019858011018267048,0.3023209815518421,1.9858011018267048,1.0029390501169826,1.0204673754492748,5.5685189682614835
zero_mean_noise,0.999,13,-0.16683399189783477,-0.09811056883852398,0.0021015409100144395,0.0003262017818081342,0.0021401626211378756,0.3262017818081342,2.1401626211378755,1.0032652518987908,1.0226075380704127,5.560855091823745
zero_mean_noise,0.999,14,0.8228358802913388,-0.006015923925537722,0.0027764982549992484,1.745911239170211e-05,0.00011417040743109877,0.017459112391702107,0.11417040743109877,1.0032827110111824,1.0227217084778437,5.539301934121301
zero_mean_noise,0.999,15,-0.2794448829241353,-0.03335881982539747,0.002851811199336733,9.600571886507933e-05,0.0006246693699465856,0.09600571886507933,0.6246693699465856,1.0033787167300474,1.0233463778477903,5.506584996508994
zero_mean_noise,0.999,16,-0.2570783315263635,-0.05573077099549407,0.002915048656677775,0.00015966450488262755,0.0010322195178272533,0.15966450488262754,1.0322195178272533,1.00353838123493,1.0243785973656174,5.464927934897351
zero_mean_noise,0.999,17,1.2020596661492848,0.07004827271898378,0.004357081049004029,-0.0001653958749307446,-0.0010612056306236219,-0.1653958749307446,-1.061205630623622,1.0033729853599993,1.0233173917349938,5.416155367042711
zero_mean_noise,0.999,18,-0.765541296436815,-0.013510684196596068,0.0049387774445051845,3.0219657562598644e-05,0.0001922505331800367,0.030219657562598642,0.1922505331800367,1.0034032050175619,1.0235096422681738,5.361770737533954
zero_mean_noise,0.999,19,0.3982329201467755,0.027663676237741085,0.005092428125749308,-6.150336049799906e-05,-0.0003876567748443647,-0.06150336049799906,-0.3876567748443647,1.0033417016570638,1.0231219854933293,5.303017781556452
zero_mean_noise,0.999,20,-1.0018242585757022,-0.07528511724360322,0.006090987542694316,0.00015456675127361276,0.0009646398962005451,0.15456675127361275,0.964639896200545,1.0034962684083375,1.0240866253895298,5.240927549114025
zero_mean_noise,0.99,1,0.4708577023403322,0.04708577023403321,0.002217069758532171,-0.0009999999787621615,-0.000999999787621656,-0.9999999787621615,-0.999999787621656,0.9990000000212378,0.9990000002123783,1.9114050960939446e-07
zero_mean_noise,0.99,2,-0.6982890523505749,-0.02745171202442758,0.007070975067273493,0.0002423833097049778,0.00032645981470297216,0.2423833097049778,0.32645981470297214,0.9992423833309427,0.9993264600270813,0.34687415193863774
zero_mean_noise,0.99,3,-0.33985722403921054,-0.05869226322590587,0.00815529464391714,0.00041331128671635815,0.0006499216141614345,0.41331128671635814,0.6499216141614345,0.9996556946176591,0.9999763816412427,0.57247487559529
zero_mean_noise,0.99,4,0.1852517837303299,-0.034297858530282305,0.008416923931230658,0.00021578846138667503,0.0003738438634569619,0.215788461386675,0.3738438634569619,0.9998714830790458,1.0003502255046997,0.7324552992991813
zero_mean_noise,0.99,5,-0.5081744470940355,-0.08168551738665761,0.010915167378711642,0.0004226758880413881,0.0007818614898045279,0.4226758880413881,0.7818614898045279,1.0002941589670873,1.0011320869945042,0.8497896660903652
zero_mean_noise,0.99,6,-0.036060011392535674,-0.07712296678724541,0.010819018949140823,0.00038280455529811184,0.0007414634460634962,0.38280455529811186,0.7414634460634961,1.0006769635223853,1.0018735504405676,0.9369243019746097
zero_mean_noise,0.99,7,0.08959824363742844,-0.06045084574477803,0.010791107212278534,0.00029073119084387187,0.0005819281093610948,0.29073119084387183,0.5819281093610948,1.000967694713229,1.0024554785499287,1.0016019185007268
zero_mean_noise,0.99,8,-0.4155496076354941,-0.09596072193384962,0.012410010904215882,0.00042039044704056784,0.0008614049956063709,0.4203904470405678,0.8614049956063708,1.0013880851602697,1.003316883545535,1.049059396259889
zero_mean_noise,0.99,9,-0.6545186822296793,-0.1518165179634326,0.016569857849050487,0.000566189628961185,0.0011793958661811563,0.5661896289611851,1.1793958661811563,1.001954274789231,1.0044962794117163,1.0830403911584354
zero_mean_noise,0.99,10,0.09694387062455205,-0.12694047910463413,0.01649814041107668,0.0004691987301031436,0.0009882859052508582,0.4691987301031436,0.9882859052508581,1.002423473519334,1.005484565316967,1.1063268969922488
zero_mean_noise,0.99,11,0.4966248517675986,-0.06458394601741087,0.018799521440897807,0.0002220757558786304,0.0004710327976549105,0.2220757558786304,0.4710327976549105,1.0026455492752127,1.005955598114622,1.1210455674969804
zero_mean_noise,0.99,12,-0.3234908152737524,-0.09047463294304502,0.0196579893021536,0.0003031173529739174,0.000645293442298517,0.3031173529739174,0.6452934422985169,1.0029486666281866,1.0066008915569205,1.1288568139285746
zero_mean_noise,0.99,13,-0.16683399189783477,-0.09811056883852398,0.01973974521765773,0.00032767672513798075,0.0006983047422283343,0.32767672513798074,0.6983047422283343,1.0032763433533245,1.0072991962991489,1.1310782507799007
zero_mean_noise,0.99,14,0.8228358802913388,-0.006015923925537722,0.026312936624429385,1.7421645251694372e-05,3.708665370570622e-05,0.017421645251694373,0.03708665370570622,1.0032937649985763,1.0073362829528545,1.1287687339460257
zero_mean_noise,0.99,15,-0.2794448829241353,-0.03335881982539747,0.02683070168410993,9.593743314171072e-05,0.00020365479311061963,0.09593743314171072,0.20365479311061963,1.003389702431718,1.007539937745965,1.122787596472358
zero_mean_noise,0.99,16,-0.2570783315263635,-0.05573077099549407,0.02722328735267262,0.00015979128361851035,0.00033777285231833653,0.15979128361851036,0.33777285231833654,1.0035494937153364,1.0078777105982835,1.1138377805684556
zero_mean_noise,0.99,17,1.2020596661492848,0.07004827271898378,0.041400528888975205,-0.00016374155409554252,-0.00034426626256860187,-0.16374155409554253,-0.3442662625686019,1.0033857521612408,1.007533444335715,1.1024978324544539
zero_mean_noise,0.99,18,-0.765541296436815,-0.013510684196596068,0.04684705836558705,2.9877657434337336e-05,6.242178159662812e-05,0.029877657434337335,0.06242178159662812,1.0034156298186752,1.0075958661173114,1.0892461778107467
zero_mean_noise,0.99,19,0.3982329201467755,0.027663676237741085,0.04796448236881746,-6.088926691557201e-05,-0.0001263135649427835,-0.060889266915572005,-0.12631356494278348,1.0033547405517595,1.0074695525523687,1.07447997555838
zero_mean_noise,0.99,20,-1.0018242585757022,-0.07528511724360322,0.05752135599583685,0.00015248860670063292,0.0003139023414881135,0.1524886067006329,0.3139023414881135,1.0035072291584601,1.007783454893857,1.0585298028486125
