width,lr,seed,val,diverged_at,gpu,train_eval,seconds
256,0.00025,1337,2.18408,,NVIDIA A10,2.13154,8.68947
256,0.0005,1337,2.05326,,NVIDIA A10,1.9649,8.7818
256,0.001,1337,1.95187,,NVIDIA A10,1.82576,8.71659
256,0.002,7,1.78494,,NVIDIA A10,1.61316,8.82796
256,0.002,1337,1.79078,,NVIDIA A10,1.62038,8.75648
256,0.002,2024,1.799,,NVIDIA A10,1.63494,8.77751
256,0.00283,7,1.77375,,NVIDIA A10G,1.59232,9.14086
256,0.00283,1337,1.76208,,NVIDIA A10G,1.58427,9.15243
256,0.00283,2024,1.77515,,NVIDIA A10G,1.60064,9.17476
256,0.004,7,1.7633,,NVIDIA A10,1.59545,8.47474
256,0.004,1337,1.76218,,NVIDIA A10,1.58707,8.36001
256,0.004,2024,1.7765,,NVIDIA A10,1.59731,8.51958
256,0.00566,7,1.78631,,NVIDIA A10G,1.62422,8.55824
256,0.00566,1337,1.85648,,NVIDIA A10G,1.68544,9.15909
256,0.00566,2024,1.82454,,NVIDIA A10G,1.64983,8.57938
256,0.008,1337,2.21276,,NVIDIA A10,2.14906,8.36882
256,0.016,1337,2.5911,,NVIDIA A10,2.59184,8.38209
512,0.00025,1337,1.92077,,NVIDIA A10,1.79184,20.4568
512,0.0005,1337,1.76387,,NVIDIA A10,1.60187,20.2318
512,0.000707,1337,1.70514,,NVIDIA A10G,1.51595,22.8613
512,0.001,7,1.67468,,NVIDIA A10,1.48226,20.5158
512,0.001,1337,1.69555,,NVIDIA A10,1.49906,20.2428
512,0.001,2024,1.6989,,NVIDIA A10,1.49862,20.5514
512,0.00141,7,1.68013,,NVIDIA A10G,1.47466,22.4151
512,0.00141,1337,1.68648,,NVIDIA A10G,1.48975,22.9464
512,0.00141,2024,1.69273,,NVIDIA A10G,1.48491,22.4115
512,0.002,7,1.70406,,NVIDIA A10,1.5008,20.6558
512,0.002,1337,1.73987,,NVIDIA A10,1.5538,20.3447
512,0.002,2024,1.69353,,NVIDIA A10,1.49497,20.6574
512,0.004,1337,2.48862,,NVIDIA A10,2.45875,20.4848
512,0.008,1337,2.53425,,NVIDIA A10,2.52451,20.2326
512,0.016,1337,2.67248,,NVIDIA A10,2.66453,20.2183
1024,0.00025,7,1.71482,,NVIDIA A10G,1.51486,63.2261
1024,0.00025,1337,1.72858,,NVIDIA A10,1.53887,59.443
1024,0.00025,2024,1.73301,,NVIDIA A10G,1.54015,63.2322
1024,0.000354,7,1.68092,,NVIDIA A10,1.47124,61.0798
1024,0.000354,1337,1.68136,,NVIDIA A10G,1.47096,63.8085
1024,0.000354,2024,1.68975,,NVIDIA A10,1.4781,61.9906
1024,0.0005,7,1.69313,,NVIDIA A10G,1.48687,63.2217
1024,0.0005,1337,1.68192,,NVIDIA A10,1.47096,61.1238
1024,0.0005,2024,1.68372,,NVIDIA A10G,1.46892,63.2445
1024,0.000707,7,1.78528,,NVIDIA A10,1.59775,63.4797
1024,0.000707,1337,1.75617,,NVIDIA A10G,1.57392,63.6754
1024,0.000707,2024,1.69386,,NVIDIA A10,1.4953,61.7448
1024,0.001,1337,1.8719,,NVIDIA A10,1.6998,59.5545
1024,0.002,1337,2.49701,,NVIDIA A10,2.46809,59.7977
1024,0.004,1337,2.52818,,NVIDIA A10,2.51388,59.4176
1024,0.008,1337,2.59463,,NVIDIA A10,2.59685,60.8803
1024,0.016,1337,2.76579,,NVIDIA A10,2.75894,59.1282
