kind,lr,n_seeds,val200_mean,val200_sd,val200_seed1337,train_eval200_mean,train_last10_200_mean,lr_at_200,val300_mean
cosine300,0.001,1,2.04496,,2.04496,1.93215,1.980958,0.000371764,1.88716
cosine300,0.00141,1,1.99152,,1.99152,1.85037,1.8982970000000001,0.000524187,1.83197
cosine300,0.002,3,1.9457933333333333,0.0026241252510757576,1.94524,1.79053,1.830618,0.000743528,1.7737033333333332
cosine300,0.00238,3,1.9446433333333333,0.01983742506812151,1.92207,1.7930533333333334,1.8336206666666666,0.000884799,1.7689266666666668
cosine300,0.00283,3,1.94848,0.020980255003216677,1.92679,1.7936666666666667,1.8328553333333335,0.00105209,1.7721500000000001
cosine300,0.00336,1,1.95728,,1.95728,1.80855,1.857822,0.00124913,1.77016
cosine300,0.004,1,2.26827,,2.26827,2.21605,2.255175,0.00148706,2.12219
cosine300,0.00566,1,2.50377,,2.50377,2.48052,2.495269,0.00210418,2.48099
cosine300,0.008,1,2.53661,,2.53661,2.52322,2.539002,0.00297411,2.49829
wsd300,0.001,1,2.01023,,2.01023,1.88421,1.93398,0.001,1.75438
wsd300,0.00141,1,1.9638,,1.9638,1.81689,1.869069,0.00141,1.72409
wsd300,0.002,3,1.93551,0.011812654231797429,1.92227,1.7757866666666666,1.8120273333333332,0.002,1.7148
wsd300,0.00238,3,1.9476566666666666,0.023617379899839315,1.93318,1.7990666666666666,1.8290386666666667,0.00238,1.7209133333333333
wsd300,0.00283,3,1.9616433333333334,0.02967210193655535,1.93845,1.8025666666666667,1.8387283333333333,0.00283,1.73905
wsd300,0.00336,1,2.011,,2.011,1.87478,1.915438,0.00336,1.74419
wsd300,0.004,1,2.28088,,2.28088,2.22331,2.269421,0.004,2.06512
wsd300,0.00566,1,2.52886,,2.52886,2.51415,2.533722,0.00566,2.49709
wsd300,0.008,1,2.54918,,2.54918,2.53916,2.563221,0.008,2.5113
wsd_branch180,0.001,1,1.99001,,1.99001,1.86087,1.912573,0.0001,
wsd_branch180,0.00141,1,1.9466,,1.9466,1.78686,1.8406980000000002,0.000141,
wsd_branch180,0.002,3,1.8996733333333333,0.0008609490886999596,1.89972,1.7358866666666666,1.780311,0.0002,
wsd_branch180,0.00238,3,1.9093833333333334,0.010503915143094664,1.90692,1.7523966666666666,1.7948813333333333,0.000238,
wsd_branch180,0.00283,3,1.9246999999999999,0.02395973079982327,1.90027,1.76333,1.805741,0.000283,
wsd_branch180,0.00336,1,1.97574,,1.97574,1.83447,1.888083,0.000336,
wsd_branch180,0.004,1,2.25315,,2.25315,2.20208,2.242447,0.0004,
wsd_branch180,0.00566,1,2.50677,,2.50677,2.4852,2.5069310000000002,0.000566,
wsd_branch180,0.008,1,2.53341,,2.53341,2.51819,2.540471,0.0008,
cosine200,0.001,1,2.16071,,2.16071,2.08105,2.1201689999999997,0.0001,
cosine200,0.00141,1,2.08561,,2.08561,1.98534,2.026316,0.000141,
cosine200,0.002,3,2.02818,0.01878473050112782,2.04289,1.90949,1.9408509999999999,0.0002,
cosine200,0.00238,3,2.02607,0.0040340922151085095,2.0227,1.9066633333333334,1.9400976666666665,0.000238,
cosine200,0.00283,3,2.0104933333333332,0.020415262264622876,1.98692,1.88512,1.9191343333333333,0.000283,
cosine200,0.00336,1,2.01499,,2.01499,1.88957,1.930783,0.000336,
cosine200,0.004,1,2.32739,,2.32739,2.28961,2.321686,0.0004,
cosine200,0.00566,1,2.49162,,2.49162,2.46936,2.4847659999999996,0.000566,
cosine200,0.008,1,2.50605,,2.50605,2.50133,2.5141999999999998,0.0008,
