tensor,family,numel,ref_ratio_100_180,ratio_step1,ratio_step30,ratio_step200,max_ratio_wu30,argmax_wu30,max_ratio_wu0,argmax_wu0,tA_band0.1,tB_band0.1,tB60_band0.1,tB2_band0.1,tA_band0.2,tB_band0.2,tB60_band0.2,tB2_band0.2,tA_band0.3,tB_band0.3,tB60_band0.3,tB2_band0.3
wte=lm_head,embedding (tied wte = lm_head),24960,0.00954763,0.00331032,0.0223556,0.00779624,0.026571,19,0.0993111,1,64,173,126,67,57,120,92,37,50,90,86,34
wpe,position embedding,98304,0.0175255,0.00333172,0.0185355,0.0137056,0.0261881,121,0.0999516,1,,148,148,50,129,138,139,45,127,130,133,39
h.0.ln_1,LayerNorm gain,384,0.000431852,6.65648e-05,0.000876271,0.000511316,0.000921702,50,0.00199734,1,153,,,136,145,,,126,122,,,76
h.0.attn.c_attn,attn qkv,442368,0.0150801,0.00330919,0.0209006,0.0127593,0.0250035,49,0.0992749,1,127,,,56,57,,,40,55,,,37
h.0.attn.c_proj,attn out proj,147456,0.0379537,0.0115433,0.0318937,0.031602,0.0482106,130,0.346301,1,139,,,122,132,,,71,44,,,35
h.0.ln_2,LayerNorm gain,384,0.000423312,6.65794e-05,0.000446569,0.000402389,0.000481355,24,0.00199855,1,123,,,123,100,,,48,90,,,47
h.0.mlp.c_fc,mlp up,589824,0.0140892,0.00333089,0.0151026,0.0132449,0.0162299,17,0.099929,1,124,,,73,117,,,66,96,,,38
h.0.mlp.c_proj,mlp down,589824,0.0185178,0.0115388,0.0287079,0.017408,0.0424366,10,0.346163,1,124,,,126,115,,,123,66,,,77
h.1.ln_1,LayerNorm gain,384,0.000350148,6.65228e-05,0.000400492,0.000394005,0.000465833,131,0.00199588,1,165,,,171,84,172,173,165,78,169,172,127
h.1.attn.c_attn,attn qkv,442368,0.0130729,0.00329343,0.0105234,0.0129269,0.0168872,111,0.0988022,1,116,,,165,106,170,173,122,64,141,141,69
h.1.attn.c_proj,attn out proj,147456,0.0185063,0.0115347,0.0165243,0.0238397,0.0323253,11,0.346041,1,,,,150,,,,126,90,,,125
h.1.ln_2,LayerNorm gain,384,0.000305707,6.65835e-05,0.000298927,0.000338651,0.000401755,165,0.00199771,1,,,,151,125,,,126,115,,,125
h.1.mlp.c_fc,mlp up,589824,0.0117342,0.00332379,0.0119085,0.0119734,0.0138331,166,0.0997143,1,177,,,130,124,,,72,98,,,67
h.1.mlp.c_proj,mlp down,589824,0.0195563,0.0115369,0.0275462,0.0183195,0.0379594,10,0.346107,1,126,,,123,120,,,81,83,,,71
h.2.ln_1,LayerNorm gain,384,0.000312072,6.64541e-05,0.000384635,0.000469561,0.000478187,178,0.00199413,1,,,,176,,,,170,,,,168
h.2.attn.c_attn,attn qkv,442368,0.014668,0.00328617,0.0114374,0.0155651,0.0176946,130,0.0985854,1,,,,,95,,169,126,90,169,167,125
h.2.attn.c_proj,attn out proj,147456,0.0175025,0.0115194,0.0151591,0.026756,0.0294936,11,0.345585,1,,,,150,,,,146,,,,127
h.2.ln_2,LayerNorm gain,384,0.000240853,6.66005e-05,0.00022474,0.000392905,0.000400496,168,0.0019982,1,,,,172,,179,179,145,,176,177,125
h.2.mlp.c_fc,mlp up,589824,0.00964095,0.00332785,0.0104608,0.0109578,0.0119119,167,0.0998357,1,,,,125,124,,,120,98,,,67
h.2.mlp.c_proj,mlp down,589824,0.0177289,0.0115427,0.0251469,0.0192178,0.0347822,10,0.346279,1,175,,,126,120,,,123,81,,,79
h.3.ln_1,LayerNorm gain,384,0.000314653,6.6468e-05,0.000323808,0.000548581,0.000453569,154,0.00199415,1,,177,,,,151,127,160,122,149,127,127
h.3.attn.c_attn,attn qkv,442368,0.0142143,0.00327481,0.0106732,0.0161117,0.0189975,130,0.0982437,1,,,,139,116,,152,123,93,150,149,121
h.3.attn.c_proj,attn out proj,147456,0.0179649,0.011536,0.0148014,0.0243515,0.0263177,11,0.346084,1,,,,153,,,,150,175,,,147
h.3.ln_2,LayerNorm gain,384,0.000244955,6.65636e-05,0.000210564,0.000393141,0.000393128,168,0.00199697,1,,173,170,169,,169,130,125,,128,124,122
h.3.mlp.c_fc,mlp up,589824,0.00950001,0.00332933,0.0100055,0.0115462,0.0122548,167,0.0998798,1,,,,125,175,,,120,118,169,72,66
h.3.mlp.c_proj,mlp down,589824,0.018799,0.0115439,0.0243477,0.0203414,0.0323051,10,0.346319,1,177,,,161,122,,,122,95,,,78
h.4.ln_1,LayerNorm gain,384,0.000341292,6.65151e-05,0.000306478,0.00044258,0.00053283,171,0.0019956,1,,171,,,,168,,,,134,179,179
h.4.attn.c_attn,attn qkv,442368,0.0158726,0.00326336,0.0130047,0.0163518,0.0198346,130,0.0979011,1,172,171,179,,116,121,173,172,96,86,171,76
h.4.attn.c_proj,attn out proj,147456,0.0202499,0.0115213,0.0169297,0.0244875,0.0280716,169,0.345641,1,,,,168,,,,123,120,,,120
h.4.ln_2,LayerNorm gain,384,0.000252822,6.65706e-05,0.000210443,0.000358757,0.000360237,179,0.00199708,1,,,,169,,139,139,124,173,135,133,122
h.4.mlp.c_fc,mlp up,589824,0.00963563,0.00333044,0.00974469,0.0121834,0.0124759,167,0.0999131,1,,,154,172,177,160,137,120,120,112,72,66
h.4.mlp.c_proj,mlp down,589824,0.0195297,0.0115205,0.0235886,0.0213142,0.0307506,17,0.345617,1,177,,,168,123,,,122,97,,,71
h.5.ln_1,LayerNorm gain,384,0.000302342,6.65249e-05,0.000341843,0.000396267,0.000449883,154,0.0019958,1,180,,,180,174,,,159,99,,,46
h.5.attn.c_attn,attn qkv,442368,0.0146579,0.00325346,0.0141299,0.0165918,0.0177918,154,0.0976032,1,135,,,180,95,137,,135,90,100,104,101
h.5.attn.c_proj,attn out proj,147456,0.021144,0.0115535,0.0192798,0.024765,0.0283538,154,0.346606,1,,,,,174,,,170,122,,,159
h.5.ln_2,LayerNorm gain,384,0.000243722,6.65472e-05,0.000195705,0.000340765,0.000358129,170,0.0019963,1,,,,171,,135,,169,169,131,157,39
h.5.mlp.c_fc,mlp up,589824,0.00958315,0.00332805,0.00992495,0.0126554,0.0128098,167,0.0998411,1,,,,172,,,115,157,120,172,114,38
h.5.mlp.c_proj,mlp down,589824,0.0199006,0.0115475,0.0227035,0.0220994,0.0301015,17,0.346424,1,180,,,168,172,,,159,98,,,73
ln_f,LayerNorm gain,384,0.000308212,6.66222e-05,0.000463911,0.000226584,0.000579294,24,0.0019991,1,,176,,177,,170,177,47,85,167,174,44
